# REACTION,reaction name,,dep1,dep2,dep3,dep4,dep5,dep6,A,n,E,,Reference,,,,,,,,,,,,,,,,,
,,,,,,,,,,,,,,,,,,,,,,,,,,,,,,
1,initiation reaction,,type radical 1,radical type,,,,,,,,,,,,,,,,,,,,,,,,,,
1_allyl_CH3,,,me,ally,,,,,1.00E+16,0,71333,,"Tsang W. Int J Chem Kinet, 1978, 10(6): 599-617. ",,,,,,,,,,,,,,,,,
1_allyl_Others,,,other,ally,,,,,1.00E+16,0,71333,,"Tsang W. Int J Chem Kinet, 1978, 10(6): 599-617. ",,,,,,,,,,,,,,,,,
 -1_CH3,, ,me,none,,,,,1.00E+13,0,0,,"H. J. Curran, P. Gaffuri, W. J. Pitz, and C. K. Westbrook, A comprehensive modeling study of n-heptane oxidation, Combust. Flame 114 (1998) 149-177.",,,,,,,,,,,,,,,,,
 -1_Others,,,other,none,,,,,8.00E+12,0,0,,"H. J. Curran, P. Gaffuri, W. J. Pitz, and C. K. Westbrook, A comprehensive modeling study of n-heptane oxidation, Combust. Flame 114 (1998) 149-177.",,,,,,,,,,,,,,,,,
,,,,,,,,,,,,,,,,,,,,,,,,,,,,,,
2,H-atom abstraction,,attacking radical,type of attacked carbon,double bond position,correction,,,,,,,,,,,,,,,,,,,,,,,,
2_H_P,per H,,H,P,none,,,,5.19E+04,2.77,6214,,RR 2_H_P_none,,,,,,,,,,,,,,,,,
2_H_S,,,H,S,none,,,,1.21E+06,2.24,4713,,RR 2_H_S_none,,,,,,,,,,,,,,,,,
2_H_SA,,,H,S,ally,,,,1.06E+05,2.59,2654,,"Power J, et al., JPCA, 2021, 125(23): 5124-5145.",,,,,,,,,,,,,,,,,
2_H_PA,,,H,P,ally,,,,1.32E+03,3.08,3203,,"Power J, et al., JPCA, 2021, 125(23): 5124-5145.",,,,,,,,,,,,,,,,,
2_H_SV,,,H,S,viny,,,,2.41E+05,2.55,9611,,"Power J, et al., JPCA, 2021, 125(23): 5124-5145.",,,,,,,,,,,,,,,,,
2_H_PV,,,H,P,viny,,,,2.72E+05,2.54,12819,,"Power J, et al., JPCA, 2021, 125(23): 5124-5145.",,,,,,,,,,,,,,,,,
2_OH_P1,,,OH,P,none,_1,,,3.56E+06,1.82,849.3,,RR 2_OH_P__1,,,,,,,,,,,,,,,,,
2_OH_S01,,,OH,S,none_01,_01,,,2.71E+09,0.95,493.8,,RR 2_OH_S__01,,,,,,,,,,,,,,,,,
2_OH_S11,,,OH,S,none_11,_11,,,2.32E+06,1.82,-1010,,RR 2_OH_S__11,,,,,,,,,,,,,,,,,
2_OH_SA,,,OH,S,ally,,,,1.01E+06,2.2,-4.37E+02,,"Vasu, Subith S., et al. The Journal of Physical Chemistry A 115.12 (2011): 2549-2556. (Analogy from C4H8-1+OH=C4H71-1+H2O)",,,,,,,,,,,,,,,,,
2_OH_PA,,,OH,P,ally,,,,7.00E+06,1.77E+00,2.71E+02,,Analogy from C3H6+OH<=>C3H5-A+H2O,,,,,,,,,,,,,,,,,
2_OH_SV,,,OH,S,viny,,,,3.00E+06,1.97,2848,,"Vasu, Subith S., et al. The Journal of Physical Chemistry A 115.12 (2011): 2549-2556. (Analogy from C4H8-1+OH=C4H71-1+H2O)",,,,,,,,,,,,,,,,,
2_OH_PV,,,OH,P,viny,,,,3.47E+06,1.92,4962,,"Vasu, Subith S., et al. The Journal of Physical Chemistry A 115.12 (2011): 2549-2556. (Analogy from C4H8-1+OH=C4H71-1+H2O)",,,,,,,,,,,,,,,,,
2_OH_S1A,,,OH,S,none,_1A (connects to an allylic),,,0.00E+00,0,0,,??,,,,,,,,,,,,,,,,,
2_O_P,,,O,P,none,,,,3.49E+06,2.15,5347,,RR 2_O_P_none,,,,,,,,,,,,,,,,,
2_O_S,,,O,S,none,,,,7.50E+03,2.92,1927,,RR 2_O_S_none,,,,,,,,,,,,,,,,,
2_O_SA,,,O,S,ally,,,,3.24E-03,4.54,-2469.8,,"Bedjanian Y, Morin J, JPCA, 2017, 121(8): 1553-1562.",,,,,,,,,,,,,,,,,
2_O_PA,,,O,P,ally,,,,3.23E-03,4.54,-2469.8,,"Bedjanian Y, Morin J, JPCA, 2017, 121(8): 1553-1562.",,,,,,,,,,,,,,,,,
2_O_SV,,,O,S,viny,,,,6.03E+10,0.7,7632,,"Bedjanian Y, Morin J, JPCA, 2017, 121(8): 1553-1562.",,,,,,,,,,,,,,,,,
2_O_PV,,,O,P,viny,,,,6.00E+10,0.7,8959.1,,"Bedjanian Y, Morin J, JPCA, 2017, 121(8): 1553-1562.",,,,,,,,,,,,,,,,,
2_O2_P,,,O2,P,none,,,,3.04E+13,-0.15,53130,,RR 2_O2_P_none,,,,,,,,,,,,,,,,,
2_O2_S,,,O2,S,none,,,,3.21E+12,0.15,49900,,RR 2_O2_S_none,,,,,,,,,,,,,,,,,
2_O2_SA,,,O2,S,ally,,,,1.52E+01,3.45,34600,,"Zhou C W, et al., JPCA, 2017, 121(9): 1890-1899.",,,,,,,,,,,,,,,,,
2_O2_PA,,,O2,P,ally,,,,4.30E+00,3.52,36200,,"Zhou C W, et al., JPCA, 2017, 121(9): 1890-1899.",,,,,,,,,,,,,,,,,
2_O2_SV,,,O2,S,viny,,,,1.00E+13,0,58770,,Analogy with C3H6+O2<=>C3H5-T+HO2 ESTIMATE C3 NUIG S. M. BURKE ,,,,,,,,,,,,,,,,,
2_O2_PV,,,O2,P,viny,,,,1.00E+13,0,62270,,Analogy with C3H6+O2<=>C3H5-T+HO2 ESTIMATE C3 NUIG S. M. BURKE ,,,,,,,,,,,,,,,,,
2_HO2_P,,,HO2,P,none,,,,6.82E+01,3.37,17580,,RR 2_HO2_P_none,,,,,,,,,,,,,,,,,
2_HO2_S,,,HO2,S,none,,,,8.71E+00,3.6,13470,,RR 2_HO2_S_none,,,,,,,,,,,,,,,,,
2_HO2_SA,,,HO2,S,ally,,,,6.84E-04,4.48,6720,,"Cao X M, et al., Comput. Theor. Chem., 2020, 1179: 112795. ",,,,,,,,,,,,,,,,,
2_HO2_PA,,,HO2,P,ally,,,,3.09E-05,4.85,7680,,"Cao X M, et al., Comput. Theor. Chem., 2020, 1179: 112795. ",,,,,,,,,,,,,,,,,
2_HO2_SV,,,HO2,S,viny,,,,1.56E+04,2.82,24427.9,,Analogy with C3H6+HO2 from NUIG CALCULATION J.M.,,,,,,,,,,,,,,,,,
2_HO2_PV,,,HO2,P,viny,,,,4.79E+02,3.06,20798.6,,Analogy with C3H6+HO2 from NUIG CALCULATION J.M.,,,,,,,,,,,,,,,,,
2_CH3_P,,,CH3,P,none,,,,6.31E-01,3.56,7358,,RR 2_CH3_P_none,,,,,,,,,,,,,,,,,
2_CH3_S,,,CH3,S,none,,,,5.26E+04,2.07,7635,,RR 2_CH3_S_none,,,,,,,,,,,,,,,,,
2_CH3_SA,,,CH3,S,ally,,,,1.21E+02,3.08,5727,,"Wang K, Combust Flame, 2015, 162(12): 4456-4470. CBS-QB3",,,,,,,,,,,,,,,,,
2_CH3_PA,,,CH3,P,ally,,,,2.63E+01,3.24,7029,,"Wang K, Combust Flame, 2015, 162(12): 4456-4470. CBS-QB3",,,,,,,,,,,,,,,,,
2_CH3_SV,,,CH3,S,viny,,,,3.26E+02,2.93,11351,,"Wang K, Combust Flame, 2015, 162(12): 4456-4470. CBS-QB4",,,,,,,,,,,,,,,,,
2_CH3_PV,,,CH3,P,viny,,,,2.46E+02,2.93,13793,,"Wang K, Combust Flame, 2015, 162(12): 4456-4470. CBS-QB5",,,,,,,,,,,,,,,,,
2_CH3O_P,,,CH3O,P,none,,,,5.00E+10,0,7000,,no RR,,,,,,,,,,,,,,,,,
2_CH3O_S,,,CH3O,S,none,,,,5.50E+10,0,5000,,no RR,,,,,,,,,,,,,,,,,
2_CH3O_SA,,,CH3O,S,ally,,,,2.00E+01,2.9,8609,,Analogy with C6 instead of C5 for appropriate BR against PA. ,,,,,,,,,,,,,,,,,
2_CH3O_PA,,,CH3O,P,ally,,,,3.00E+00,2.95,11990,,Analogy with C6 instead of C5 for appropriate BR against PA. ,,,,,,,,,,,,,,,,,
2_CH3O_PV,,,CH3O,P,viny,,,,5.00E+09,0,7000,,RR,,,,,,,,,,,,,,,,,
2_CH3O_SV,,,CH3O,S,viny,,,,5.50E+09,0,5000,,RR,,,,,,,,,,,,,,,,,
2_CH3O2_P,,,CH3O2,P,none,,,,7.84E-01,4.06,18190,,RR,,,,,,,,,,,,,,,,,
2_CH3O2_S,,,CH3O2,S,none,,,,6.48E-01,3.88,15130,,RR,,,,,,,,,,,,,,,,,
2_CH3O2_SA,,,CH3O2,S,ally,,,,1.68E+09,1.02,20632,,"Xu S, et al., ACS omega, 2022, 7(10): 8675-8685. ",,,,,,,,,,,,,,,,,
2_CH3O2_PA,,,CH3O2,P,ally,,,,2.85E+05,1.73,20000,,"Xu S, et al., ACS omega, 2022, 7(10): 8675-8685. ",,,,,,,,,,,,,,,,,
2_CH3O2_SV,,,CH3O2,S,viny,,,,9.40E+07,1.41,27700,,"Xu S, et al., ACS omega, 2022, 7(10): 8675-8685. ",,,,,,,,,,,,,,,,,
2_CH3O2_PV,,,CH3O2,P,viny,,,,9.40E+07,1.41,28200,,"Xu S, et al., ACS omega, 2022, 7(10): 8675-8685. ",,,,,,,,,,,,,,,,,
2_C2H5_P,,,C2H5,P,none,,,,4.95E+09,0.12,5570,,RR,,,,,,,,,,,,,,,,,
2_C2H5_S,,,C2H5,S,none,,,,4.91E+08,0.42,5110,,RR,,,,,,,,,,,,,,,,,
2_C2H5_SA,,,C2H5,S,ally,,,,1.23E+09,0.42,5110,,RR*2.5,,,,,,,,,,,,,,,,,
2_C2H5_PA,,,C2H5,P,ally,,,,1.23E+09,0.42,5110,,RR*2.5,,,,,,,,,,,,,,,,,
2_C2H5_PV,,,C2H5,P,viny,,,,4.95E+08,0.42,5110,,RR*0.1,,,,,,,,,,,,,,,,,
2_C2H5_SV,,,C2H5,S,viny,,,,4.91E+07,0.42,5110,,RR*0.1,,,,,,,,,,,,,,,,,
,,,,,,,,,,,,,,,,,,,,,,,,,,,,,,
3,R_Isomerization,,Type of radical,type of hydrogen,type of ring,H=,,,,,,,,,,,,,,,,,,,,,,,,
3_P_P_5,alkane,,P,P,5,none,,,9.45E+11,0,20610,,3_P_P_5,,,,,,,,,,,,,,,,,
3_P_P_6,alkane,,P,P,6,none,,,1.50E+11,0,14500,,3_P_P_6,,,,,,,,,,,,,,,,,
3_P_P_7,alkane,,P,P,7,none,,,6.00E+10,0,19500,,3_P_P_7,,,,,,,,,,,,,,,,,
3_P_S_5,alkane,,P,S,5,none,,,5.60E+10,0.29,17810,,3_P_S_5,,,,,,,,,,,,,,,,,
3_P_S_6,alkane,,P,S,6,none,,,5.51E+10,0.1,11940,,3_P_S_6,,,,,,,,,,,,,,,,,
3_P_S_7,alkane,,P,S,7,none,,,6.00E+10,0,17200,,3_P_S_7,,,,,,,,,,,,,,,,,
3_S_P_5,alkane,,S,P,5,none,,,8.63E+11,0.07,21460,,3_S_P_5,,,,,,,,,,,,,,,,,
3_S_P_6,alkane,,S,P,6,none,,,9.89E+11,-0.28,15990,,3_S_P_6,,,,,,,,,,,,,,,,,
3_S_P_7,alkane,,S,P,7,none,,,6.00E+10,0,20510,,3_S_P_7,,,,,,,,,,,,,,,,,
3_S_S_5,alkane,,S,S,5,none,,,9.45E+11,0,19300,,3_S_S_5,,,,,,,,,,,,,,,,,
3_S_S_6,alkane,,S,S,6,none,,,1.50E+11,0,13200,,3_S_S_6,,,,,,,,,,,,,,,,,
3_S_S_7,alkane,,S,S,7,none,,,6.00E+10,0,18200,,3_S_S_7,,,,,,,,,,,,,,,,,
3_P_SA_5,3_P_S_5*X,,P,S,5,ally,,,1.40E+11,0.29,17810,,3_P_S_5*2.5 (X=HAA by H at SA/S),,,,,,,,,,,,,,,,,
3_P_SA_6,3_P_S_6*X,,P,S,6,ally,,,1.38E+11,0.1,11940,,3_P_S_6*2.5,,,,,,,,,,,,,,,,,
3_P_SA_7,3_P_S_7*X,,P,S,7,ally,,,1.50E+11,0,17200,,3_P_S_7*2.5,,,,,,,,,,,,,,,,,
3_S_SA_5,3_S_S_5*X,,S,S,5,ally,,,2.36E+12,0,19300,,3_S_S_5*2.5,,,,,,,,,,,,,,,,,
3_S_SA_6,3_S_S_6*X,,S,S,6,ally,,,3.75E+11,0,13200,,3_S_S_6*2.5,,,,,,,,,,,,,,,,,
3_S_SA_7,3_S_S_7*X,,S,S,7,ally,,,1.50E+11,0,18200,,3_S_S_7*2.5,,,,,,,,,,,,,,,,,
,,,,,,,,,,,,,,,,,,,,,,,,,,,,,,
4,R beta decomposition,,base radical type,expelled radical,bond type,,,,,,,,,,,,,,,,,,,,,,,,,
 -4_P_other,,,P,other,none,,,,1.76E+04,2.48,6130,,C2H4+large_radical,,,,,,,,,,,,,,,,,
 -4_S_me,,,S,me,none,,,,1.76E+04,2.48,6130,,Terminal_C3H6+CH3,,,,,,,,,,,,,,,,,
 -4_S_other,,,S,other,none,,,,8.80E+03,2.48,6130,,Terminal_C3H6+large_radical,,,,,,,,,,,,,,,,,
4_ally,,,P,other,ally,,,,4.82E+09,1.16,22475.69,,"Power J, J Phys Chem A, 2019, 123(40): 8506-8526: C5H91-5=>C2H4+C3H5-A",,,,,,,,,,,,,,,,,
4_ally,,,S,me,ally,,,,4.82E+09,1.16,22475.69,,"Power J, J Phys Chem A, 2019, 123(40): 8506-8526: C5H91-5=>C2H4+C3H5-A",,,,,,,,,,,,,,,,,
4_ally,,,S,other,ally,,,,4.82E+09,1.16,22475.69,,"Power J, J Phys Chem A, 2019, 123(40): 8506-8526: C5H91-5=>C2H4+C3H5-A",,,,,,,,,,,,,,,,,
4_viny,,,P,other,viny,,,,2.63E+11,0.771,38474.71,,"Power J, J Phys Chem A, 2019, 123(40): 8506-8526: C5H91-4=>C2H3+C3H6. CHEMDIS ",,,,,,,,,,,,,,,,,
4_viny,,,S,me,viny,,,,2.63E+11,0.771,38474.71,,"Power J, J Phys Chem A, 2019, 123(40): 8506-8526: C5H91-4=>C2H3+C3H6. CHEMDIS ",,,,,,,,,,,,,,,,,
4_viny,,,S,other,viny,,,,2.63E+11,0.771,38474.71,,"Power J, J Phys Chem A, 2019, 123(40): 8506-8526: C5H91-4=>C2H3+C3H6. CHEMDIS ",,,,,,,,,,,,,,,,,
,,,,,,,,,,,,,,,,,,,,,,,,,,,,,,
104,HAddOle,3,HAdd_site,radical_site,,,,,,,,,,,,,,,,,,,,,,,,,,
5_TE,,,P,S,,,,,7.71E+08,1.52,981.9,,"Power J, et al., J Phys Chem A, 2019, 123(40): 8506-8526. C5H10-1+H<=>C5H11-1",,,,,,,,,,,,,,,,,
5_IN_S_P,,,S,P,,,,,1.66E+08,1.66,2128,,"Power J, et al., J Phys Chem A, 2019, 123(40): 8506-8526. C5H10-1+H<=>C5H11-1",,,,,,,,,,,,,,,,,
5_IN_S_S,,,S,S,,,,,6.74E+08,1.51,1562,,"Power J, et al., J Phys Chem A, 2019, 123(40): 8506-8526. C5H10-1+H<=>C5H11-1",,,,,,,,,,,,,,,,,
,,,,,,,,,,,,,,,,,,,,,,,,,,,,,,
109,OatomAddOle,4,OAdd_site,,,,,,,,,,,,,,,,,,,,,,,,,,,
6_IN_beta_H,,,S,H,,,,,1.17E-03,4.94,-2422.8,,"Bedjanian, Morin, J. Phys. Chem. A 2017, 121(8): 1553-1562. ",,,,,,,,,,,,,,,,,
6_IN_beta_radical,,,S,Other,,,,,9.24E+08,1.2,-238.3,,"Bedjanian, Morin, J. Phys. Chem. A 2017, 121(8): 1553-1562. ",,,,,,,,,,,,,,,,,
6_TE_beta_radical,,,P,Other,,,,,9.24E+08,1.2,-238.3,,"Bedjanian, Morin, J. Phys. Chem. A 2017, 121(8): 1553-1562. ",,,,,,,,,,,,,,,,,
6_TE_beta_H,,,P,H,,,,,1.17E-03,4.94,-2422.8,,"Bedjanian, Morin, J. Phys. Chem. A 2017, 121(8): 1553-1562. ",,,,,,,,,,,,,,,,,
,,,,,,,,,,,,,,,,,,,,,,,,,,,,,,
6,O2_ADD_RAEN,,Type of radical site,radical site,,,,,,,,,,,,,,,,,,,,,,,,,,
31_PA,,,P,ally,,,,,1.83E+02,2.18,-2200,,"You et al., J Phys Chem A, 2016, 120(30): 5969-5978. 5 times slower than as (ratio of s alkane / p alkane)",,,,,,,,,,,,,,,,,
31_SA,,,S,ally,,,,,9.14E+02,2.18,-2200,,"You et al., J Phys Chem A, 2016, 120(30): 5969-5978.",,,,,,,,,,,,,,,,,
6_P,,,P,none,,,,,1.63E+14,-0.62,-1,,RR 6_P,,,,,,,,,,,,,,,,,
6_S,,,S,none,,,,,6.69E+13,-0.3,-198.7,,RR 6_S,,,,,,,,,,,,,,,,,
,,,,,,,,,,,,,,,,,,,,,,,,,,,,,,
7,RAENO2_ISO,,C-OO type,C-H type,ring type,OO_=,H_=,,,,,,,,,,,,,,,,,,,,,,,
33_S_S_5,,,S,S,5,none,none,,1.72E-14,7.62,18130,,"Sun, et al., Phys Chem Chem Phys, 2019, 21(20): 10693-10705.",,,,,,,,,,,,,,,,,
7_S_S_6,,,S,S,6,none,none,,4.44E+10,0.15,19140,,7_S_S_6,,,,,,,,,,,,,,,,,
7_S_S_7,,,S,S,7,none,none,,2.11E+11,-0.21,19470,,7_S_S_7,,,,,,,,,,,,,,,,,
7_S_S_8,,,S,S,8,none,none,,1.25E+09,0.31,20120,,7_S_S_8,,,,,,,,,,,,,,,,,
7_S_P_5,,,S,P,5,none,none,,1.63E+06,1.65,31560,,7_S_P_5,,,,,,,,,,,,,,,,,
7_S_P_6,,,S,P,6,none,none,,3.42E+08,0.79,2.14E+04,,7_S_P_6,,,,,,,,,,,,,,,,,
7_S_P_7,,,S,P,7,none,none,,1.07E+07,1.1,2.13E+04,,7_S_P_7,,,,,,,,,,,,,,,,,
7_S_P_8,,,S,P,8,none,none,,8.63E+09,0.15,23640,,7_S_P_8,,,,,,,,,,,,,,,,,
33_P_S_5,,,P,S,5,none,none,,5.75E-15,7.69,17770,,"Sun, et al., Phys Chem Chem Phys, 2019, 21(20): 10693-10705.",,,,,,,,,,,,,,,,,
7_P_S_6,,,P,S,6,none,none,,4.55E+05,1.61,17540,,7_P_S_6,,,,,,,,,,,,,,,,,
7_P_S_7,,,P,S,7,none,none,,2.42E+04,1.61,1.54E+04,,7_P_S_7,,,,,,,,,,,,,,,,,
7_P_S_8,,,P,S,8,none,none,,3.80E+08,0.21,19280,,7_P_S_8,,,,,,,,,,,,,,,,,
7_P_P_8,,,P,P,8,none,none,,8.62E+05,1.17,20110,,7_P_P_8,,,,,,,,,,,,,,,,,
33_P_SA_5,,,P,S,5,none,ally,,4.66E-12,6.54,14120,,"Sun, et al., Phys Chem Chem Phys, 2019, 21(20): 10693-10705.",,,,,,,,,,,,,,,,,
33_P_SA_6,,,P,S,6,none,ally,,1.28E-06,5.04,9710,,"Sun, et al., Phys Chem Chem Phys, 2019, 21(20): 10693-10705.",,,,,,,,,,,,,,,,,
33_P_SA_7,,,P,S,7,none,ally,,7.60E+03,2.005,12132,,SD,,,,,,,,,,,,,,,,,
7_P_S_8,,,P,S,8,none,ally,,3.80E+08,0.21,19280,,7_P_S_8,7_P_SA_8,,,,,,,,,,,,,,,,
33_S_SA_5,,,S,S,5,none,ally,,4.63E-12,6.63,14630,,"Sun, et al., Phys Chem Chem Phys, 2019, 21(20): 10693-10705.",,,,,,,,,,,,,,,,,
33_S_SA_6,,,S,S,6,none,ally,,1.30E-05,4.83,9710,,"Sun, et al., Phys Chem Chem Phys, 2019, 21(20): 10693-10705.",,,,,,,,,,,,,,,,,
33_S_SA_7,,,S,S,7,none,ally,,7.60E+03,2.005,12132,,!WAGNON1@LLNL.GOV! A*EXP(-2) FOR LOSS OF ROTOR AS TABLE 2 R7 1-5 SHIFT ZHANG JPCA 115 (2011) 655-663,,,,,,,,,,,,,,,,,
7_S_S_8,,,S,S,8,none,ally,,1.25E+09,0.31,20120,,7_S_S_8,7_S_SA_8,,,,,,,,,,,,,,,,
7_S_P_5,,,S,P,5,ally,none,,1.63E+06,1.65,31560,,7_S_P_5,7_SA_P_5,,,,,,,,,,,,,,,,
7_S_P_6,,,S,P,6,ally,none,,5.99E+07,0.97,21480,,7_S_P_6,7_SA_P_6,,,,,,,,,,,,,,,,
33_SA_P_7,,,S,P,7,ally,none,,9.90E+01,2.26,18100,,"You et al., J Phys Chem A, 2016, 120(30): 5969-5978.",,,,,,,,,,,,,,,,,
7_S_P_8,,,S,P,8,ally,none,,8.63E+09,0.15,23640,,7_S_P_8,7_SA_P_8,,,,,,,,,,,,,,,,
33_SA_S_5,,,S,S,5,ally,none,,3.88E-05,4.57,22400,,"You et al., J Phys Chem A, 2016, 120(30): 5969-5978.",,,,,,,,,,,,,,,,,
33_SA_S_6,,,S,S,6,ally,none,,2.90E+02,2.25,15500,,"You et al., J Phys Chem A, 2016, 120(30): 5969-5978.",,,,,,,,,,,,,,,,,
33_SA_S_7,,,S,S,7,ally,none,,4.95E+01,2.26E+00,1.51E+04,,"You et al., J Phys Chem A, 2016, 120(30): 5969-5978.",,,,,,,,,,,,,,,,,
33_SA_S_8,,,S,S,8,ally,none,,3.88E-05,4.57,22400,,Estimate =33_SA_S_5,7_SA_S_8,,,,,,,,,,,,,,,,
,,,,,,,,,,,,,,,,,,,,,,,,,,ZHANG,JPCA,115,-2011,655-663
8,O2_ADD_QAENOOH,,Type of radical site,correction,,,,,,,,,,,,,,,,,,,,,,,,,,
8_P,alkane,,P,none,none,,,,2.59E+18,-2.21,1003,,8_P,,,,,,,,,,,,,,,,,
8_S_C7,alkane,,S,none,7,,,,2.92E+13,-0.46,-615.8,,8_S_C7,,,,,,,,,,,,,,,,,
8_S_C6,alkane,,S,none,6,,,,3.02E+13,-0.46,-615.8,,8_S_C6,,,,,,,,,,,,,,,,,
8_S_C5,alkane,,S,none,5,,,,6.09E+13,-0.46,-615.8,,8_S_C5,,,,,,,,,,,,,,,,,
37_SA,as,,S,ally,none,,,,4.57E+02,2.18,-2200,,"You et al., J Phys Chem A, 2016, 120(30): 5969-5978. *0.5 analogy from cis-heptene",,,,,,,,,,,,,,,,,
37_PA,ap,,P,ally,none,,,,4.62E+16,-1.63,-20,,"You et al., J Phys Chem A, 2016, 120(30): 5969-5978. *0.5 analogy from cis-heptene",,,,,,,,,,,,,,,,,
,,,,,,,,,,,,,,,,,,,,,,,,,,,,,,
14,O2QAENOOH_ISO_POOH,,C—OO type,C—H type,ring type,OO_=,H_=,,,,,,,,,,,,,,,,,,,,,,,
14_P_P_8,,,P,P,8,none,none,,4.19E+05,1.35,20260,,14_P_P_8,,,,,,,,,,,,,,,,,
14_P_S_5,,,P,S,5,none,none,,5.79E+07,1.37,29790,,14_P_S_5,,,,,,,,,,,,,,,,,
14_P_S_6,,,P,S,6,none,none,,2.95E+06,1.34,18100,,14_P_S_6,,,,,,,,,,,,,,,,,
14_P_S_7,,,P,S,7,none,none,,6.17E+06,1,16920,,14_P_S_7,,,,,,,,,,,,,,,,,
14_P_S_8,,,P,S,8,none,none,,1.30E+06,1,18200,,14_P_S_8,,,,,,,,,,,,,,,,,
14_S_P_5,,,S,P,5,none,none,,1.37E+07,1.54,32720,,14_S_P_5,,,,,,,,,,,,,,,,,
14_S_P_6,,,S,P,6,none,none,,1.09E+07,1.29,20980,,14_S_P_6,,,,,,,,,,,,,,,,,
14_S_P_7,,,S,P,7,none,none,,8.98E+04,1.62,19680,,14_S_P_7,,,,,,,,,,,,,,,,,
14_S_P_8,,,S,P,8,none,none,,6.48E+05,0.94,20250,,14_S_P_8,,,,,,,,,,,,,,,,,
14_S_S_5,,,S,S,5,none,none,,4.29E+08,0.9,29510,,14_S_S_5,,,,,,,,,,,,,,,,,
14_S_S_6,,,S,S,6,none,none,,4.14E+10,0.1,18660,,14_S_S_6,,,,,,,,,,,,,,,,,
14_S_S_7,,,S,S,7,none,none,,1.37E+10,0.12,20430,,14_S_S_7,,,,,,,,,,,,,,,,,
14_S_S_8,,,S,S,8,none,none,,1.30E+06,1,18200,,14_S_S_8,,,,,,,,,,,,,,,,,
41_P_SA_5,,,P,S,5,none,ally,,1.45E+08,1.37,29790,,14_P_S_5*2.5,,,,,,,,,,,,,,,,,
41_P_SA_6,,,P,S,6,none,ally,,7.36E+06,1.34,18100,,14_P_S_6*2.5,,,,,,,,,,,,,,,,,
41_P_SA_7,,,P,S,7,none,ally,,1.54E+07,1,16920,,14_P_S_7*2.5,,,,,,,,,,,,,,,,,
41_P_SA_8,,,P,S,8,none,ally,,3.25E+06,1,18200,,14_P_S_8*2.5,,,,,,,,,,,,,,,,,
14_S_P_5,,,S,P,5,ally,none,,1.37E+07,1.54,32720,,14_S_P_5,14_SA_P_5,,,,,,,,,,,,,,,,
14_S_P_6,,,S,P,6,ally,none,,1.09E+07,1.29,20980,,14_S_P_6,14_SA_P_6,,,,,,,,,,,,,,,,
14_S_P_7,,,S,P,7,ally,none,,8.98E+04,1.62,19680,,14_S_P_7,14_SA_P_7,,,,,,,,,,,,,,,,
14_S_P_8,,,S,P,8,ally,none,,6.48E+05,0.94,20250,,14_S_P_8,14_SA_P_8,,,,,,,,,,,,,,,,
14_S_S_5,,,S,S,5,ally,none,,4.29E+08,0.9,29510,,14_S_S_5,14_SA_S_5,,,,,,,,,,,,,,,,
14_S_S_6,,,S,S,6,ally,none,,4.14E+10,0.1,18660,,14_S_S_6,14_SA_S_6,,,,,,,,,,,,,,,,
14_S_S_7,,,S,S,7,ally,none,,1.37E+10,0.12,20430,,14_S_S_7,14_SA_S_7,,,,,,,,,,,,,,,,
14_S_S_8,,,S,S,8,ally,none,,1.30E+06,1,18200,,14_S_S_8,14_SA_S_8,,,,,,,,,,,,,,,,
41_S_SA_5,,,S,S,5,none,ally,,1.07E+09,0.9,29510,,14_S_S_5*2.5,,,,,,,,,,,,,,,,,
41_S_SA_6,,,S,S,6,none,ally,,1.03E+11,0.1,18660,,14_S_S_6*2.5,,,,,,,,,,,,,,,,,
41_S_SA_7,,,S,S,7,none,ally,,3.43E+10,0.12,20430,,14_S_S_7*2.5,,,,,,,,,,,,,,,,,
41_S_SA_8,,,S,S,8,none,ally,,3.25E+06,1,18200,,14_S_S_8*2.5,,,,,,,,,,,,,,,,,
,,,,,,,,,,,,,,,,,,,,,,,,,,,,,,
11,RAENO2_Elim,,C—OO type,C—H type,OO-double,H-double,,,,,,,,,,,,,,,,,,,,,,,,
11_S_P,,,S,P,ally,none,,,2.25E+06,1.84,28510,,11_S_P,,,,,,,,,,,,,,,,,
32_SA_S,,,S,S,ally,none,,,1.30E+08,1.1,28590,,"11_S_S instead of You, et al. (too high compared with SA_S)",,,,,,,,,,,,,,,,,
32_P_S,,,P,S,none,none,,,4.75E+05,2.09,28330,,"Sun, et al., Phys Chem Chem Phys, 2019, 21(20): 10693-10705.",,,,,,,,,,,,,,,,,
32_P_SA,,,P,S,none,ally,,,3.54E+05,2.05,24640,,"Sun, et al., Phys Chem Chem Phys, 2019, 21(20): 10693-10705.",,,,,,,,,,,,,,,,,
11_S_P,,,S,P,none,none,,,2.25E+06,1.84,28510,,11_S_P,,,,,,,,,,,,,,,,,
11_S_S,,,S,S,none,none,,,6.52E+08,1.1,28590,,"11_S_S instead of You, et al. (too small compared with SA_S)",,,,,,,,,,,,,,,,,
32_S_SA,,,S,S,none,ally,,,7.50E+06,1.8,25340,,"Sun, et al., Phys Chem Chem Phys, 2019, 21(20): 10693-10705.",,,,,,,,,,,,,,,,,
,,,,,,,,,,,,,,,,,,,,,,,,,,,,,,
12,CYC_ETH_QAENOOH,,C—OOH type,radical type,ring ether,correlation,OOH-bond,radical bond,,,,,,,,,,,,,,,,,,,,,,
12_P_S_3_S,12_P_S_3_S,,P,S,3,none,none,none,8.07E+10,0.54,11000,,12_P_S_3_S,,,,,,,,,,,,,,,,,
12_P_S_4_S,12_P_S_4_S,,P,S,4,none,none,none,1.08E+12,0,15300,,12_P_S_4_S,,,,,,,,,,,,,,,,,
12_P_S_5_S,12_P_S_5_S,,P,S,5,none,none,none,8.92E+12,-0.46,11640,,12_P_S_5_S,,,,,,,,,,,,,,,,,
12_P_S_6_S,12_P_S_6_S,,P,S,6,none,none,none,1.62E+08,0.39,9748,,12_P_S_6_S,,,,,,,,,,,,,,,,,
35_S_S_3_S,H1-4,,S,S,3,none,none,none,8.84E+10,0.36,11000,,"You et al., J Phys Chem A, 2016, 120(30): 5969-5978. (cis-2-heptene).",,,,,,,,,,,,,,,,,
12_S_S_4_S,12_S_S_4_S,,S,S,4,none,none,none,3.46E+12,-0.06,16810,,12_S_S_4_S,,,,,,,,,,,,,,,,,
12_S_S_5_S,12_S_S_5_S,,S,S,5,none,none,none,2.95E+08,0.7,9127,,12_S_S_5_S,,,,,,,,,,,,,,,,,
12_S_S_6_S,12_S_S_6_S,,S,S,6,none,none,none,2.28E+09,0,12200,,12_S_S_6_S,,,,,,,,,,,,,,,,,
12_S_P_3_S,12_S_P_3_S,,S,P,3,none,none,none,1.84E+10,0.59,10850,,12_S_P_3_S,,,,,,,,,,,,,,,,,
35_S_P_4_S,H1-5,,S,P,4,none,none,none,9.29E+10,0.38,18160,,"You et al., J Phys Chem A, 2016, 120(30): 5969-5978. (cis-2-heptene).",,,,,,,,,,,,,,,,,
12_S_P_5_S,12_S_P_5_S,,S,P,5,none,none,none,7.77E+09,0.14,12250,,12_S_P_5_S,,,,,,,,,,,,,,,,,
12_S_P_6_S,12_S_P_6_S,,S,P,6,none,none,none,8.56E+05,1.24,8134,,12_S_P_6_S,,,,,,,,,,,,,,,,,
35_SA_P_3,H2C-1,,S,P,3,none,ally,none,2.01E+12,0.16,12200,,"You et al., J Phys Chem A, 2016, 120(30): 5969-5978. (cis-2-heptene).",,,,,,,,,,,,,,,,,
12_S_P_4_S,12_S_P_4_S,,S,P,4,none,ally,none,9.29E+10,0.38,18160,,12_S_P_4_S,12_SA_P_4,,,,,,,,,,,,,,,,
35_SA_P_5,H2-5,,S,P,5,none,ally,none,1.23E+16,-1.82,13000,,"You et al., J Phys Chem A, 2016, 120(30): 5969-5978. (cis-2-heptene).",,,,,,,,,,,,,,,,,
12_S_P_6_S,12_S_P_6_S,,S,P,6,none,ally,none,8.56E+05,1.24,8134,,12_S_P_6_S,12_SA_P_6,,,,,,,,,,,,,,,,
35_SA_S_3,H2-3,,S,S,3,none,ally,none,1.44E+16,-1.18,10500,,"You et al., J Phys Chem A, 2016, 120(30): 5969-5978. (cis-2-heptene).",,,,,,,,,,,,,,,,,
35_SA_S_4,H2-4,,S,S,4,none,ally,none,1.56E+14,-0.93,16300,,"You et al., J Phys Chem A, 2016, 120(30): 5969-5978. (cis-2-heptene).",,,,,,,,,,,,,,,,,
12_S_S_5_S,12_S_S_5_S,,S,S,5,none,ally,none,2.95E+08,0.7,9127,,12_S_S_5_S,12_SA_S_5,,,,,,,,,,,,,,,,
12_S_S_6_S,12_S_S_6_S,,S,S,6,none,ally,none,2.28E+09,0,12200,,12_S_S_6_S,12_SA_S_6,,,,,,,,,,,,,,,,
12_P_S_3_S,12_P_S_3_S,,P,S,3,none,none,ally,8.07E+10,0.54,11000,,12_P_S_3_S,12_P_SA_3,,,,,,,,,,,,,,,,
12_P_S_4_S,12_P_S_4_S,,P,S,4,none,none,ally,1.93E+08,1.16,15120,,12_P_S_4_S,12_P_SA_4,,,,,,,,,,,,,,,,
12_P_S_5_S,12_P_S_5_S,,P,S,5,none,none,ally,8.92E+12,-0.46,11640,,12_P_S_5_S,12_P_SA_5,,,,,,,,,,,,,,,,
12_P_S_6_S,12_P_S_6_S,,P,S,6,none,none,ally,1.62E+08,0.39,9748,,12_P_S_6_S,12_P_SA_6,,,,,,,,,,,,,,,,
12_S_S_3_S,12_S_S_3_S /H1-3 or H2-1,,S,S,3,none,none,ally,2.81E+11,0.29,10880,,12_S_S_3_S,12_S_SA_3,,,,,,,,,,,,,,,,
35_S_SA_4,H1-1,,S,S,4,none,none,ally,1.06E+11,0.02,21800,,"You et al., J Phys Chem A, 2016, 120(30): 5969-5978. (cis-2-heptene).",,,,,,,,,,,,,,,,,
12_S_S_5_S,12_S_S_5_S,,S,S,5,none,none,ally,2.95E+08,0.7,9127,,12_S_S_5_S,12_S_SA_5,,,,,,,,,,,,,,,,
12_S_S_6_S,12_S_S_6_S,,S,S,6,none,none,ally,2.28E+09,0,12200,,12_S_S_6_S,12_S_SA_6,,,,,,,,,,,,,,,,
,,,,,,,,,,,,,,,,,,,,,,,,,,,,,,
,,,,,,,,,,,,,,,,,,,,,,,,,,,,,,
9,KHP_O2QAENOOH,,C—OO type,C—OOH type,ring type,C—OO type,C—OOH type,,,,,,,,,,,,,,,,,,,,,,,
9_P_S_5,alkane,,P,S,5,none,none,,2.76E+08,1.2,25700,,9_P_S_5,,,,,,,,,,,,,,,,,
9_P_S_6,alkane,,P,S,6,none,none,,6.76E+03,2.33,16370,,9_P_S_6,,,,,,,,,,,,,,,,,
9_P_S_7,alkane,,P,S,7,none,none,,2.82E+03,2.25,13960,,9_P_S_7,,,,,,,,,,,,,,,,,
9_P_S_8,alkane,,P,S,8,none,none,,2.31E+01,2.63,12090,,9_P_S_8,,,,,,,,,,,,,,,,,
9_S_S_5,alkane,,S,S,5,none,none,,2.16E+12,0,25712,,9_S_S_5,,,,,,,,,,,,,,,,,
9_S_S_6,alkane,,S,S,6,none,none,,8.94E+09,0.47,18850,,9_S_S_6,,,,,,,,,,,,,,,,,
9_S_S_7,alkane,,S,S,7,none,none,,1.82E+08,0.86,17040,,9_S_S_7,,,,,,,,,,,,,,,,,
9_S_S_8,alkane,,S,S,8,none,none,,9.59E+04,1.46,13790,,9_S_S_8,,,,,,,,,,,,,,,,,
9_S_P_5,alkane,,S,P,5,none,none,,1.49E+02,2.88,25260,,9_S_P_5,,,,,,,,,,,,,,,,,
9_S_P_6,alkane,,S,P,6,none,none,,2.23E+03,2.42,17570,,9_S_P_6,,,,,,,,,,,,,,,,,
9_S_P_7,alkane,,S,P,7,none,none,,3.70E+03,2.12,16530,,9_S_P_7,,,,,,,,,,,,,,,,,
9_S_P_8,alkane,,S,P,8,none,none,,5.62E+04,1.79,15900,,9_S_P_8,,,,,,,,,,,,,,,,,
9_P_P_6,alkane,,P,P,6,none,none,,4.35E+00,3.09,17450,,9_P_P_6,,,,,,,,,,,,,,,,,
9_P_P_7,alkane,,P,P,7,none,none,,1.23E+02,2,15030,,9_P_P_7,,,,,,,,,,,,,,,,,
9_P_P_8,alkane,,P,P,8,none,none,,4.48E+01,2.2,15150,,9_P_P_8,,,,,,,,,,,,,,,,,
9_PA_S_5,estimate,,P,S,5,ally,none,,9.20E+07,1.2,25700,,9_P_S_5,/3,,,,,,,,,,,,,,,,
9_PA_S_6,estimate,,P,S,6,ally,none,,2.25E+03,2.33,16370,,9_P_S_6,/3,,,,,,,,,,,,,,,,
9_PA_S_7,estimate,,P,S,7,ally,none,,9.40E+02,2.25,13960,,9_P_S_7,/3,,,,,,,,,,,,,,,,
9_PA_S_8,estimate,,P,S,8,ally,none,,7.70E+00,2.63,12090,,9_P_S_8,/3,,,,,,,,,,,,,,,,
9_SA_S_5,estimate,,S,S,5,ally,none,,7.20E+11,0,25712,,9_S_S_5,/3,,,,,,,,,,,,,,,,
9_SA_S_6,estimate,,S,S,6,ally,none,,2.98E+09,0.47,18850,,9_S_S_6,/3,,,,,,,,,,,,,,,,
9_SA_S_7,estimate,,S,S,7,ally,none,,6.07E+07,0.86,17040,,9_S_S_7,/3,,,,,,,,,,,,,,,,
9_SA_S_8,estimate,,S,S,8,ally,none,,3.20E+04,1.46,13790,,9_S_S_8,/3,,,,,,,,,,,,,,,,
9_SA_P_5,estimate,,S,P,5,ally,none,,4.97E+01,2.88,25260,,9_S_P_5,/3,,,,,,,,,,,,,,,,
9_SA_P_6,estimate,,S,P,6,ally,none,,7.43E+02,2.42,17570,,9_S_P_6,/3,,,,,,,,,,,,,,,,
9_SA_P_7,estimate,,S,P,7,ally,none,,1.23E+03,2.12,16530,,9_S_P_7,/3,,,,,,,,,,,,,,,,
9_SA_P_8,estimate,,S,P,8,ally,none,,1.87E+04,1.79,15900,,9_S_P_8,/3,,,,,,,,,,,,,,,,
9_PA_P_6,estimate,,P,P,6,ally,none,,1.45E+00,3.09,17450,,9_P_P_6,/3,,,,,,,,,,,,,,,,
9_PA_P_7,estimate,,P,P,7,ally,none,,4.10E+01,2,15030,,9_P_P_7,/3,,,,,,,,,,,,,,,,
9_PA_P_8,estimate,,P,P,8,ally,none,,1.49E+01,2.2,15150,,9_P_P_8,/3,,,,,,,,,,,,,,,,
9_P_SA_5,estimate,,P,S,5,none,ally,,1.38E+09,1.2,25700,,9_P_S_5,*5,,,,,,,,,,,,,,,,
9_P_SA_6,estimate,,P,S,6,none,ally,,3.38E+04,2.33,16370,,9_P_S_6,*5,,,,,,,,,,,,,,,,
9_P_SA_7,estimate,,P,S,7,none,ally,,1.41E+04,2.25,13960,,9_P_S_7,*5,,,,,,,,,,,,,,,,
9_P_SA_8,estimate,,P,S,8,none,ally,,1.16E+02,2.63,12090,,9_P_S_8,*5,,,,,,,,,,,,,,,,
9_S_SA_5,estimate,,S,S,5,none,ally,,1.08E+13,0,25712,,9_S_S_5,*5,,,,,,,,,,,,,,,,
9_S_SA_6,estimate,,S,S,6,none,ally,,4.47E+10,0.47,18850,,9_S_S_6,*5,,,,,,,,,,,,,,,,
9_S_SA_7,estimate,,S,S,7,none,ally,,9.10E+08,0.86,17040,,9_S_S_7,*5,,,,,,,,,,,,,,,,
9_S_SA_8,estimate,,S,S,8,none,ally,,4.80E+05,1.46,13790,,9_S_S_8,*5,,,,,,,,,,,,,,,,
9_S_PA_5,estimate,,S,P,5,none,ally,,7.45E+02,2.88,25260,,9_S_P_5,*5,,,,,,,,,,,,,,,,
9_S_PA_6,estimate,,S,P,6,none,ally,,1.12E+04,2.42,17570,,9_S_P_6,*5,,,,,,,,,,,,,,,,
9_S_PA_7,estimate,,S,P,7,none,ally,,1.85E+04,2.12,16530,,9_S_P_7,*5,,,,,,,,,,,,,,,,
9_S_PA_8,estimate,,S,P,8,none,ally,,2.81E+05,1.79,15900,,9_S_P_8,*5,,,,,,,,,,,,,,,,
9_P_PA_6,estimate,,P,P,6,none,ally,,2.18E+01,3.09,17450,,9_P_P_6,*5,,,,,,,,,,,,,,,,
9_P_PA_7,estimate,,P,P,7,none,ally,,6.15E+02,2,15030,,9_P_P_7,*5,,,,,,,,,,,,,,,,
9_P_PA_8,estimate,,P,P,8,none,ally,,2.24E+02,2.2,15150,,9_P_P_8,*5,,,,,,,,,,,,,,,,
,,,,,,,,,,,,,,,,,,,,,,,,,,,,,,
,,,,,,,,,,,,,,,,,,,,,,,,,,,,,,
,,,,,,,,,,,,,,,,,,,,,,,,,,,,,,
,,,,,,,,,,,,,,,,,,,,,,,,,,,,,,
,,,,,,,,,,,,,,,,,,,,,,,,,,,,,,
,,,,,,,,,,,,,,,,,,,,,,,,,,,,,,
,,,,,,,,,,,,,,,,,,,,,,,,,,,,,,
15,O2QAENOOH_Elim,,C—OO type,C—H type,OO-double,H-double,,,,,,,,,,,,,,,,,,,,,,,,
15_P_S,15_P_S,,P,S,none,none,,,1.45E+07,1.58,28500,,15_P_S,,,,,,,,,,,,,,,,,
15_S_P,15_S_P,,S,P,none,none,,,3.53E+08,1.3,30280,,15_S_P,,,,,,,,,,,,,,,,,
15_S_S,15_S_S,,S,S,none,none,,,9.50E+08,1.12,29250,,15_S_S,,,,,,,,,,,,,,,,,
15_SA_S,RO2-2=>P2-9+HO2,,S,S,ally,none,,,1.37E+08,0.99,23400,,"You et al., J Phys Chem A, 2016, 120(30): 5969-5978. (cis-2-heptene).",,,,,,,,,,,,,,,,,
15_S_SA,RO2-1=>P1-9+HO2,,S,S,none,ally,,,1.68E+05,2,25200,,"You et al., J Phys Chem A, 2016, 120(30): 5969-5978. (cis-2-heptene).",,,,,,,,,,,,,,,,,
15_P_S,15_P_S,,P,S,none,ally,,,1.45E+07,1.58,28500,,15_P_S,,,,,,,,,,,,,,,,,
15_S_P,15_S_P,,S,P,ally,none,,,3.53E+08,1.3,30280,,15_S_P,,,,,,,,,,,,,,,,,
,,,,,,,,,,,,,,,,,,,,,,,,,,,,,,
100,OH_addition,,OH,radical,,,,,,,,,,,,,,,,,,,,,,,,,,
15_ADD_PS,,,P,S,,,,,7.79E+04,2.25,-3384.3,,"Zhu X, Chen J T, Zhou C W., Combust Flame, 2022, 245: 112302. TRANS-C6H12-2",,,,,,,,,,,,,,,,,
15_ADD_SP,,,S,P,,,,,7.79E+04,2.25,-3384.3,,"Zhu X, Chen J T, Zhou C W., Combust Flame, 2022, 245: 112302. TRANS-C6H12-2",,,,,,,,,,,,,,,,,
15_ADD_SS,,,S,S,,,,,7.79E+04,2.25,-3384.3,,"Zhu X, Chen J T, Zhou C W., Combust Flame, 2022, 245: 112302. TRANS-C6H12-2",,,,,,,,,,,,,,,,,
,,,,,,,,,,,,,,,,,,,,,,,,,,,,,,
101,O2_ADD_ROH,,type of radical site,,,,,,,,,,,,,,,,,,,,,,,,,,,
6_P,,,P,,,,,,1.63E+14,-0.62,-1,,RR 6_P,,,,,,,,,,,,,,,,,
6_S,,,S,,,,,,6.69E+13,-0.3,-198.7,,RR 6_S,,,,,,,,,,,,,,,,,
,,,,,,,,,,,,,,,,,,,,,,,,,,,,,,
102,beta-ROH isomerization,,Type of radical,type of hydrogen,type of ring,,,,,,,,,,,,,,,,,,,,,,,,,
3_P_P_5,alkane,,P,P,5,,,,9.45E+11,0,20610,,3_P_P_5,,,,,,,,,,,,,,,,,
3_P_P_6,alkane,,P,P,6,,,,1.50E+11,0,14500,,3_P_P_6,,,,,,,,,,,,,,,,,
3_P_P_7,alkane,,P,P,7,,,,6.00E+10,0,19500,,3_P_P_7,,,,,,,,,,,,,,,,,
3_P_S_5,alkane,,P,S,5,,,,5.60E+10,0.29,17810,,3_P_S_5,,,,,,,,,,,,,,,,,
3_P_S_6,alkane,,P,S,6,,,,5.51E+10,0.1,11940,,3_P_S_6,,,,,,,,,,,,,,,,,
3_P_S_7,alkane,,P,S,7,,,,6.00E+10,0,17200,,3_P_S_7,,,,,,,,,,,,,,,,,
3_S_P_5,alkane,,S,P,5,,,,8.63E+11,0.07,21460,,3_S_P_5,,,,,,,,,,,,,,,,,
3_S_P_6,alkane,,S,P,6,,,,9.89E+11,-0.28,15990,,3_S_P_6,,,,,,,,,,,,,,,,,
3_S_P_7,alkane,,S,P,7,,,,6.00E+10,0,20510,,3_S_P_7,,,,,,,,,,,,,,,,,
3_S_S_5,alkane,,S,S,5,,,,9.45E+11,0,19300,,3_S_S_5,,,,,,,,,,,,,,,,,
3_S_S_6,alkane,,S,S,6,,,,1.50E+11,0,13200,,3_S_S_6,,,,,,,,,,,,,,,,,
3_S_S_7,alkane,,S,S,7,,,,6.00E+10,0,18200,,3_S_S_7,,,,,,,,,,,,,,,,,
,,,,,,,,,,,,,,,,,,,,,,,,,,,,,,
,,,,,,,,,,,,,,,,,,,,,,,,,,,,,,
103,ROHO2IsomReac,19,C—OO type,C—H type,ring type_size,,,,,,,,,,,,,,,,,,,,,,,,,
21_G1_S_P_5,,,S,P,5,G1,,,4.50E-04,4.55,26985,,"Lizardo-Huerta J C et al., Phys Chem Chem Phys, 2016, 18(17): 12231-12251.",G1: OH not on the ring,,,,,,,,,,,,,,,,
21_G1_S_P_6,,,S,P,6,G1,,,2.08E+03,2.35,18430,,"Lizardo-Huerta J C et al., Phys Chem Chem Phys, 2016, 18(17): 12231-12251.",G2: OH on the ring,,,,,,,,,,,,,,,,
21_G1_S_P_7,,,S,P,7,G1,,,7.63E+01,2.53,17005,,"Lizardo-Huerta J C et al., Phys Chem Chem Phys, 2016, 18(17): 12231-12251.",,,,,,,,,,,,,,,,,
21_G1_S_S_5,,,S,S,5,G1,,,1.39E-01,3.77,23992,,"Lizardo-Huerta J C et al., Phys Chem Chem Phys, 2016, 18(17): 12231-12251.",,,,,,,,,,,,,,,,,
21_G1_S_S_6,,,S,S,6,G1,,,3.58E+05,1.67,16221,,"Lizardo-Huerta J C et al., Phys Chem Chem Phys, 2016, 18(17): 12231-12251.",,,,,,,,,,,,,,,,,
21_G1_S_S_7,,,S,S,7,G1,,,4.34E+02,2.31,13600,,"Lizardo-Huerta J C et al., Phys Chem Chem Phys, 2016, 18(17): 12231-12251.",,,,,,,,,,,,,,,,,
7_P_S_5,,,P,S,5,G1,,,4.75E+08,0.92,29730,,7_P_S_5,,,,,,,,,,,,,,,,,
7_P_S_6,,,P,S,6,G1,,,2.47E+05,1.58,17420,,7_P_S_6,,,,,,,,,,,,,,,,,
7_P_S_7,,,P,S,7,G1,,,1.75E+07,0.8,16950,,7_P_S_7,,,,,,,,,,,,,,,,,
21_G2_P_S_5,,,P,S,5,G2,,,1.92E+05,2.03,20190,,"Lizardo-Huerta J C et al., Phys Chem Chem Phys, 2016, 18(17): 12231-12251.",,,,,,,,,,,,,,,,,
21_G2_P_S_6,,,P,S,6,G2,,,2.88E+06,1.54,17944,,"Lizardo-Huerta J C et al., Phys Chem Chem Phys, 2016, 18(17): 12231-12251.",,,,,,,,,,,,,,,,,
21_G2_P_S_7,,,P,S,7,G2,,,4.18E+06,1.26,16333,,"Lizardo-Huerta J C et al., Phys Chem Chem Phys, 2016, 18(17): 12231-12251.",,,,,,,,,,,,,,,,,
21_G2_S_S_5,,,S,S,5,G2,,,2.85E+05,2,19560,,"Lizardo-Huerta J C et al., Phys Chem Chem Phys, 2016, 18(17): 12231-12251.",,,,,,,,,,,,,,,,,
21_G2_S_S_6,,,S,S,6,G2,,,1.17E+07,1.41,17829,,"Lizardo-Huerta J C et al., Phys Chem Chem Phys, 2016, 18(17): 12231-12251.",,,,,,,,,,,,,,,,,
21_G2_S_S_7,,,S,S,7,G2,,,1.32E+07,1.16,16609,,"Lizardo-Huerta J C et al., Phys Chem Chem Phys, 2016, 18(17): 12231-12251.",,,,,,,,,,,,,,,,,
21_G2_S_P_5,,,S,P,5,G2,,,8.80E+02,2.69,21498,,"Lizardo-Huerta J C et al., Phys Chem Chem Phys, 2016, 18(17): 12231-12251.",,,,,,,,,,,,,,,,,
21_G2_S_P_6,,,S,P,6,G2,,,1.37E+04,2.2,19784,,"Lizardo-Huerta J C et al., Phys Chem Chem Phys, 2016, 18(17): 12231-12251.",,,,,,,,,,,,,,,,,
21_G2_S_P_7,,,S,P,7,G2,,,2.48E+06,1.34,20054,,"Lizardo-Huerta J C et al., Phys Chem Chem Phys, 2016, 18(17): 12231-12251.",,,,,,,,,,,,,,,,,
7_S_S_8,,,S,S,8,G1,,,1.25E+09,0.31,20120,,7_S_S_8,,,,,,,,,,,,,,,,,
7_S_P_8,,,S,P,8,G1,,,8.63E+09,0.15,23640,,7_S_P_8,,,,,,,,,,,,,,,,,
7_P_S_8,,,P,S,8,G1,,,3.80E+08,0.21,19280,,7_P_S_8,,,,,,,,,,,,,,,,,
7_P_P_8,,,P,P,8,G1,,,8.62E+05,1.17,20110,,7_P_P_8,,,,,,,,,,,,,,,,,
,,,,,,,,,,,,,,,,,,,,,,,,,,,,,,
105,HO2AddAllyR_rec,2,,,,,,,,,,,,,,,,,,,,,,,,,,,,
8_PA,,,P,,,,,,7.20E+31,-6.01,6053.6,,"Goldsmith, et al., Proc Combust Inst, 2011, 33(1): 273-282.",,,,,,,,,,,,,,,,,
8_SA,,,S,,,,,,1.44E+32,-6.01,6053.6,,"Goldsmith, et al., Proc Combust Inst, 2011, 33(1): 273-282.",,,,,,,,,,,,,,,,,
,,,,,,,,,,,,,,,,,,,,,,,,,,,,,,
106,HO2AddAllyR_dec,2,radical site,,,,,,,,,,,,,,,,,,,,,,,,,,,
9_PA,,,P,,,,,,8.20E+03,2.74,1144.4,,"Goldsmith, et al., Proc Combust Inst, 2011, 33(1): 273-282.",,,,,,,,,,,,,,,,,
9_SA,,,S,,,,,,1.64E+04,2.74,1144.4,,"Goldsmith, et al., Proc Combust Inst, 2011, 33(1): 273-282.",,,,,,,,,,,,,,,,,
,,,,,,,,,,,,,,,,,,,,,,,,,,,,,,
107,ch3AddAllyR,1,correction,,,,,,,,,,,,,,,,,,,,,,,,,,,
12,,,none,,,,,,5.00E+13,-0.32,-262.3,,"Zhang et al. Combust Flame, 2012, 159(3): 905-917. C3H5-A+CH3(+M)<=>C4H8-1(+M)",,,,,,,,,,,,,,,,,
,,,,,,,,,,,,,,,,,,,,,,,,,,,,,,
108,ho2AddOle,3,HO2Add_site,radical_site,,,,,,,,,,,,,,,,,,,,,,,,,,
18_PS,,,P,S,,,,,7.69E+11,0,13300,,"Villano S M, et al., J Phys Chem A, 2013, 117(30): 6458-6473. ",,,,,,,,,,,,,,,,,
18_SP,,,S,P,,,,,5.92E+11,0,13300,,"Villano S M, et al., J Phys Chem A, 2013, 117(30): 6458-6473. ",,,,,,,,,,,,,,,,,
18_SS,,,S,S,,,,,8.47E+11,0,11200,,"Villano S M, et al., J Phys Chem A, 2013, 117(30): 6458-6473. ",,,,,,,,,,,,,,,,,
,,,,,,,,,,,,,,,,,,,,,,,,,,,,,,
110,rooh_to_ro,1,,,,,,,,,,,,,,,,,,,,,,,,,,,,
10,,,none,,,,,,1.28E+27,-3.61,46333,,"Goldsmith, et al., Proc Combust Inst, 2011, 33(1): 273-282.",,,,,,,,,,,,,,,,,
,,,,,,,,,,,,,,,,,,,,,,,,,,,,,,
111,ro_betadecom,2,vinylic?,,,,,,,,,,,,,,,,,,,,,,,,,,,
11_SV,,,Yes,,,,,,3.92E+28,-4.66,27643,,"Goldsmith, et al., Proc Combust Inst, 2011, 33(1): 273-282.",,,,,,,,,,,,,,,,,
11_PS,,,No,,,,,,3.92E+27,-4.66,15643,,"Goldsmith, et al., Proc Combust Inst, 2011, 33(1): 273-282.",,,,,,,,,,,,,,,,,
,,,,,,,,,,,,,,,,,,,,,,,,,,,,,,
112,o2addvinyR,3,O2 add site,,,,,,,,,,,,,,,,,,,,,,,,,,,
7_IN,,,S,,,,,,9.27E+21,-2.74,9364,,"Chen&Goldsmith, J. Phys. Chem. A, 2017, 121(48),9173-9184",,,,,,,,,,,,,,,,,
7_TE_H,,,P,,,,,,3.08E+21,-2.49,8439,,"Chen&Goldsmith, J. Phys. Chem. A, 2017, 121(48),9173-9184",,,,,,,,,,,,,,,,,
7_TE_HCO,,,P1,,,,,,1.32E+21,-2.49,8439,,"Chen&Goldsmith, J. Phys. Chem. A, 2017, 121(48),9173-9184",,,,,,,,,,,,,,,,,
,,,,,,,,,,,,,,,,,,,,,,,,,,,,,,
113,o2habsallyR,2,type of attacked carbon,,,,,,,,,,,,,,,,,,,,,,,,,,,
14_P_ole,,,P,,,,,,1.68E-03,4.77,11917.2,,"Li Y, et al., Energies, 2021, 14(10): 2916. AW C5H91-3+O2<=>C5H8+HO2. Gaussian solver with Method 2.",,,,,,,,,,,,,,,,,
14_S_ole,,,S,,,,,,7.45E-02,3.64,10772.6,,"Li Y, et al., Energies, 2021, 14(10): 2916. AW C5H91-3+O2<=>C5H8+HO2. Gaussian solver with Method 2.",,,,,,,,,,,,,,,,,
,,,,,,,,,,,,,,,,,,,,,,,,,,,,,,
114,rohoo_wad,3,type of C—OO,type of C—OH,,,,,,,,,,,,,,,,,,,,,,,,,,
18_SP_ole,,,S,P,beta-ROHOO,,,,2.61E+10,0.29,20378,,"Lizardo-Huerta J C et al., Phys Chem Chem Phys, 2016, 18(17): 12231-12251.",,,,,,,,,,,,,,,,,
18_PS_ole,,,P,S,beta-ROHOO,,,,1.18E+10,0.39,20322,,"Lizardo-Huerta J C et al., Phys Chem Chem Phys, 2016, 18(17): 12231-12251.",,,,,,,,,,,,,,,,,
18_SS_ole,,,S,S,beta-ROHOO,,,,1.80E+11,0.1,20300,,"Lizardo-Huerta J C et al., Phys Chem Chem Phys, 2016, 18(17): 12231-12251.",,,,,,,,,,,,,,,,,
,,,,,,,,,,,,,,,,,,,,,,,,,,,,,,
115,wad_decom,3,type of C—OOH,type of C—O,,,,,,,,,,,,,,,,,,,,,,,,,,
19_SP_ole,,,S,P,,,,,1.99E+19,-1.5,10820,,"Lizardo-Huerta J C et al., Phys Chem Chem Phys, 2016, 18(17): 12231-12251.",,,,,,,,,,,,,,,,,
19_PS_ole,,,P,S,,,,,8.69E+21,-2.37,12629,,"Lizardo-Huerta J C et al., Phys Chem Chem Phys, 2016, 18(17): 12231-12251.",,,,,,,,,,,,,,,,,
19_SS_ole,,,S,S,,,,,4.72E+20,-2.06,9465,,"Lizardo-Huerta J C et al., Phys Chem Chem Phys, 2016, 18(17): 12231-12251.",,,,,,,,,,,,,,,,,
,,,,,,,,,,,,,,,,,,,,,,,,,,,,,,
116,rohoo_elim,6,C—OO type,C—H type,—OH on extracted C—H?,C—OO to C—OH,,,,,,,,,,,,,,,,,,,,,,,,
11_S_P,,,S,P,No,beta,,,3.62E+08,1.13,28400,,"Lizardo-Huerta J C et al., Phys Chem Chem Phys, 2016, 18(17): 12231-12251.",not lizardo but estimate,,,,,,,,,,,,,,,,
11_S_S,,,S,S,No,beta,,,6.52E+08,1.1,28590,,"Lizardo-Huerta J C et al., Phys Chem Chem Phys, 2016, 18(17): 12231-12251.",not lizardo but estimate,,,,,,,,,,,,,,,,
11_P_S_G2,,,P,S,Yes,beta,,,9.14E+07,1.77,27240,,"Lizardo-Huerta J C et al., Phys Chem Chem Phys, 2016, 18(17): 12231-12251.",not lizardo but estimate,,,,,,,,,,,,,,,,
11_S_P_G2,,,S,P,Yes,beta,,,3.62E+08,1.13,25900,,"Lizardo-Huerta J C et al., Phys Chem Chem Phys, 2016, 18(17): 12231-12251.",not lizardo but estimate,,,,,,,,,,,,,,,,
11_S_S_G2,,,S,S,Yes,beta,,,6.52E+08,1.1,26090,,"Lizardo-Huerta J C et al., Phys Chem Chem Phys, 2016, 18(17): 12231-12251.",not lizardo but estimate,,,,,,,,,,,,,,,,
11_P_S,,,P,S,No,other,,,9.14E+07,1.77,29740,,11_P_S,,,,,,,,,,,,,,,,,
,,,,,,,,,,,,,,,,,,,,,,,,,,,,,,
117,bqohooh_decom,6,C—OOH type,radical site,—OH on radical?,C—OOH to C—OH,,,,,,,,,,,,,,,,,,,,,,,,
22_G1_SP,,,S,P,No,beta,,,8.17E+09,0.8,14231,,"Lizardo-Huerta J C et al., Phys Chem Chem Phys, 2016, 18(17): 12231-12251.",,,,,,,,,,,,,,,,,
22_G1_SS,,,S,S,No,beta,,,1.97E+10,0.74,14280,,"Lizardo-Huerta J C et al., Phys Chem Chem Phys, 2016, 18(17): 12231-12251.",,,,,,,,,,,,,,,,,
22_G2_PS,,,P,S,Yes,beta,,,5.46E+10,0.92,14881,,"Lizardo-Huerta J C et al., Phys Chem Chem Phys, 2016, 18(17): 12231-12251.",,,,,,,,,,,,,,,,,
22_G2_SP,,,S,P,Yes,beta,,,5.22E+14,-0.24,16658,,"Lizardo-Huerta J C et al., Phys Chem Chem Phys, 2016, 18(17): 12231-12251.",,,,,,,,,,,,,,,,,
22_G2_SS,,,S,S,Yes,beta,,,1.22E+13,0.24,15271,,"Lizardo-Huerta J C et al., Phys Chem Chem Phys, 2016, 18(17): 12231-12251.",,,,,,,,,,,,,,,,,
 -22_PS,,,P,S,No,other,,,2.82E+04,2.49,14734,,"Zador, et al., JPCA, 2011, 115 10218–10225",,,,,,,,,,,,,,,,,
,,,,,,,,,,,,,,,,,,,,,,,,,,,,,,
118,qohoohtocEther,24,C—OOH type,radical site,ring,—OH on the ring,,,,,,,,,,,,,,,,,,,,,,,,
23_b_G1_SP,,,S,P,3,No,,,2.26E+10,0.56,10498,,"Lizardo-Huerta J C et al., Phys Chem Chem Phys, 2016, 18(17): 12231-12251.",,,,,,,,,,,,,,,,,
23_b_G1_SS,,,S,S,3,No,,,2.76E+09,1.01,8031,,"Lizardo-Huerta J C et al., Phys Chem Chem Phys, 2016, 18(17): 12231-12251.",,,,,,,,,,,,,,,,,
23_b_G2_PS,,,P,S,3,Yes,,,8.62E+10,0.56,9184,,"Lizardo-Huerta J C et al., Phys Chem Chem Phys, 2016, 18(17): 12231-12251.",,,,,,,,,,,,,,,,,
23_b_G2_SP,,,S,P,3,Yes,,,3.90E+12,0.02,9532,,"Lizardo-Huerta J C et al., Phys Chem Chem Phys, 2016, 18(17): 12231-12251.",,,,,,,,,,,,,,,,,
23_b_G2_SS,,,S,S,3,Yes,,,7.44E+10,0.58,7568,,"Lizardo-Huerta J C et al., Phys Chem Chem Phys, 2016, 18(17): 12231-12251.",,,,,,,,,,,,,,,,,
23_g_G1_SP,,,S,P,4,No,,,1.67E+11,-0.09,16142,,"Lizardo-Huerta J C et al., Phys Chem Chem Phys, 2016, 18(17): 12231-12251.",,,,,,,,,,,,,,,,,
23_g_G1_SS,,,S,S,4,No,,,2.44E+11,-0.08,12763,,"Lizardo-Huerta J C et al., Phys Chem Chem Phys, 2016, 18(17): 12231-12251.",,,,,,,,,,,,,,,,,
23_g_G2_PS,,,P,S,4,Yes,,,6.83E+13,-0.59,18410,,"Lizardo-Huerta J C et al., Phys Chem Chem Phys, 2016, 18(17): 12231-12251.",,,,,,,,,,,,,,,,,
23_g_G2_SP,,,S,P,4,Yes,,,1.00E+16,-1.33,19882,,"Lizardo-Huerta J C et al., Phys Chem Chem Phys, 2016, 18(17): 12231-12251.",,,,,,,,,,,,,,,,,
23_g_G2_SS,,,S,S,4,Yes,,,6.83E+13,-0.59,18410,,"Lizardo-Huerta J C et al., Phys Chem Chem Phys, 2016, 18(17): 12231-12251.",,,,,,,,,,,,,,,,,
23_de_G1_SP,,,S,P,5,No,,,5.02E+12,-0.77,10632,,"Lizardo-Huerta J C et al., Phys Chem Chem Phys, 2016, 18(17): 12231-12251.",,,,,,,,,,,,,,,,,
23_de_G1_SS,,,S,S,5,No,,,7.59E+13,-1.08,9093,,"Lizardo-Huerta J C et al., Phys Chem Chem Phys, 2016, 18(17): 12231-12251.",,,,,,,,,,,,,,,,,
23_de_G2_PS,,,P,S,5,Yes,,,1.90E+10,0.05,10767,,"Lizardo-Huerta J C et al., Phys Chem Chem Phys, 2016, 18(17): 12231-12251.",,,,,,,,,,,,,,,,,
23_de_G2_SP,,,S,P,5,Yes,,,7.31E+11,-0.31,12455,,"Lizardo-Huerta J C et al., Phys Chem Chem Phys, 2016, 18(17): 12231-12251.",,,,,,,,,,,,,,,,,
23_de_G2_SS,,,S,S,5,Yes,,,3.89E+11,-0.29,10716,,"Lizardo-Huerta J C et al., Phys Chem Chem Phys, 2016, 18(17): 12231-12251.",,,,,,,,,,,,,,,,,
23_eps_G1_SP,,,S,P,6,No,,,5.02E+12,-0.77,10632,,"Lizardo-Huerta J C et al., Phys Chem Chem Phys, 2016, 18(17): 12231-12251.",,,,,,,,,,,,,,,,,
23_eps_G1_SS,,,S,S,6,No,,,7.59E+13,-1.08,9093,,"Lizardo-Huerta J C et al., Phys Chem Chem Phys, 2016, 18(17): 12231-12251.",,,,,,,,,,,,,,,,,
23_eps_G2_PS,,,P,S,6,Yes,,,1.90E+10,0.05,10767,,"Lizardo-Huerta J C et al., Phys Chem Chem Phys, 2016, 18(17): 12231-12251.",,,,,,,,,,,,,,,,,
23_eps_G2_SP,,,S,P,6,Yes,,,7.31E+11,-0.31,12455,,"Lizardo-Huerta J C et al., Phys Chem Chem Phys, 2016, 18(17): 12231-12251.",,,,,,,,,,,,,,,,,
23_eps_G2_SS,,,S,S,6,Yes,,,3.89E+11,-0.29,10716,,"Lizardo-Huerta J C et al., Phys Chem Chem Phys, 2016, 18(17): 12231-12251.",,,,,,,,,,,,,,,,,
12_P_S_3_S,,,P,S,3,No,,,8.07E+10,0.54,11000,,12_P_S_3_S,,,,,,,,,,,,,,,,,
12_P_S_4_S,,,P,S,4,No,,,1.93E+08,1.16,15100,,12_P_S_4_S,,,,,,,,,,,,,,,,,
12_P_S_5_S,,,P,S,5,No,,,8.92E+12,-0.46,11600,,12_P_S_5_S,,,,,,,,,,,,,,,,,
12_P_S_6_S,,,P,S,6,No,,,1.62E+08,0.39,9750,,12_P_S_6_S,,,,,,,,,,,,,,,,,
12_P_P_5_S,,,P,P,5,Yes,,,3.23E+10,0.009,12872,,12_P_P_5_S,,,,,,,,,,,,,,,,,
12_P_P_6_S,,,P,P,6,Yes,,,7.11E+10,-0.18,12180,,12_P_P_6_S,,,,,,,,,,,,,,,,,
12_P_P_5_S,,,P,P,5,No,,,3.23E+10,0.009,12872,,12_P_P_5_S,,,,,,,,,,,,,,,,,
12_P_P_6_S,,,P,P,6,No,,,7.11E+10,-0.18,12180,,12_P_P_6_S,,,,,,,,,,,,,,,,,
,,,,,,,,,,,,,,,,,,,,,,,,,,,,,,
119,qohooh_decom,2,,,,,,,,,,,,,,,,,,,,,,,,,,,,
13_gamma,,,gamma,,,,,,7.40E+14,-0.32,25000,,RR 13_gamma,,,,,,,,,,,,,,,,,
13_delta,,,delta,,,,,,2.14E+15,-0.34,28000,,RR 13_delta,,,,,,,,,,,,,,,,,
,,,,,,,,,,,,,,,,,,,,,,,,,,,,,,
120,o2addqohooh,4,radical type,correction1,correction2,,,,,,,,,,,,,,,,,,,,,,,,,
8_P,,,P,none,OH not on radical site,,,,2.59E+18,-2.21,1003,,8_P,,,,,,,,,,,,,,,,,
8_S_C7,,,S,7,OH not on radical site,,,,2.92E+13,-0.46,-615.8,,8_S_C7,,,,,,,,,,,,,,,,,
8_S_C6,,,S,6,OH not on radical site,,,,3.02E+13,-0.46,-615.8,,8_S_C6,,,,,,,,,,,,,,,,,
8_S_C5,,,S,5,OH not on radical site,,,,6.09E+13,-0.46,-615.8,,8_S_C5,,,,,,,,,,,,,,,,,
,,,,,,,,,,,,,,,,,,,,,,,,,,,,,,
121,o2qohoohelim,6,C—OO type,C—H type,correction,,,,,,,,,,,,,,,,,,,,,,,,,
15_P_S,,,P,S,No,,,,1.45E+07,1.58,28500,,15_P_S,,,,,,,,,,,,,,,,,
15_S_P,,,S,P,No,,,,3.53E+08,1.3,30280,,15_S_P,,,,,,,,,,,,,,,,,
15_S_S,,,S,S,No,,,,9.50E+08,1.12,29250,,15_S_S,,,,,,,,,,,,,,,,,
25_S_SOH,,,S,S,Yes,,,,6.12E+14,-0.47,34520,,"Lizardo-Huerta J C et al., Phys Chem Chem Phys, 2016, 18(17): 12231-12251.",,,,,,,,,,,,,,,,,
25_P_SOH,,,P,S,Yes,,,,3.65E+13,-0.15,34790,,"Lizardo-Huerta J C et al., Phys Chem Chem Phys, 2016, 18(17): 12231-12251.",,,,,,,,,,,,,,,,,
15_S_P,,,S,P,Yes,,,,1.45E+07,1.58,28500,,15_P_S,,,,,,,,,,,,,,,,,
,,,,,,,,,,,,,,,,,,,,,,,,,,,,,,
122,o2qohoohTokhp,12,C—OO type,C—OOH type,ring type,,,,,,,,,,,,,,,,,,,,,,,,,
9_P_S_5,,,P,S,5,,,,2.76E+08,1.2,25700,,9_P_S_5,,,,,,,,,,,,,,,,,
9_P_S_6,,,P,S,6,,,,6.76E+03,2.33,16370,,9_P_S_6,,,,,,,,,,,,,,,,,
9_P_S_7,,,P,S,7,,,,2.82E+03,2.25,13960,,9_P_S_7,,,,,,,,,,,,,,,,,
9_P_S_8,,,P,S,8,,,,2.31E+01,2.63,12090,,9_P_S_8,,,,,,,,,,,,,,,,,
9_S_S_5,,,S,S,5,,,,2.16E+12,0,25710,,9_S_S_5,,,,,,,,,,,,,,,,,
9_S_S_6,,,S,S,6,,,,8.94E+09,0.47,18850,,9_S_S_6,,,,,,,,,,,,,,,,,
9_S_S_7,,,S,S,7,,,,1.82E+08,0.86,17040,,9_S_S_7,,,,,,,,,,,,,,,,,
9_S_S_8,,,S,S,8,,,,9.59E+04,1.46,13790,,9_S_S_8,,,,,,,,,,,,,,,,,
9_S_P_5,,,S,P,5,,,,1.49E+02,2.88,25260,,9_S_P_5,,,,,,,,,,,,,,,,,
9_S_P_6,,,S,P,6,,,,2.23E+03,2.42,17570,,9_S_P_6,,,,,,,,,,,,,,,,,
9_S_P_7,,,S,P,7,,,,3.70E+03,2.12,16530,,9_S_P_7,,,,,,,,,,,,,,,,,
9_S_P_8,,,S,P,8,,,,5.62E+04,1.79,15900,,9_S_P_8,,,,,,,,,,,,,,,,,
9_P_P_6,alkane,,P,P,6,,,,4.35E+00,3.09,17450,,9_P_P_6,,,,,,,,,,,,,,,,,
9_P_P_7,alkane,,P,P,7,,,,1.23E+02,2,15030,,9_P_P_7,,,,,,,,,,,,,,,,,
9_P_P_8,alkane,,P,P,8,,,,4.48E+01,2.2,15150,,9_P_P_8,,,,,,,,,,,,,,,,,
,,,,,,,,,,,,,,,,,,,,,,,,,,,,,,
123,ohkhpdecom,6,C—OOH type,C=O type,,,,,,,,,,,,,,,,,,,,,,,,,,
10_P_beta,,,P,beta,,,,,1.12E+16,-0.04,42110,,10_P_beta,,,,,,,,,,,,,,,,,
10_P_gamma,,,P,gamma,,,,,6.98E+16,-0.24,42980,,10_P_gamma,,,,,,,,,,,,,,,,,
10_P_other,,,P,other,,,,,6.91E+15,0.1,42720,,10_P_other,,,,,,,,,,,,,,,,,
10_S_beta,,,S,beta,,,,,4.20E+16,-0.2,41850,,10_S_beta,,,,,,,,,,,,,,,,,
10_S_gamma,,,S,gamma,,,,,1.32E+16,-0.11,42270,,10_S_gamma,,,,,,,,,,,,,,,,,
10_S_other,,,S,other,,,,,1.57E+16,-0.09,43120,,10_S_other,,,,,,,,,,,,,,,,,
,,,,,,,,,,,,,,,,,,,,,,,,,,,,,,
124,o2qohoohIsom,13,C—OO type,C—H type,ring type,,,,,,,,,,,,,,,,,,,,,,,,,
14_P_P_8,alkane,,P,P,8,,,,4.19E+05,1.35,20260,,14_P_P_8,,,,,,,,,,,,,,,,,
14_P_S_5,alkane,,P,S,5,,,,5.79E+07,1.37,29790,,14_P_S_5,,,,,,,,,,,,,,,,,
14_P_S_6,alkane,,P,S,6,,,,2.95E+06,1.34,18100,,14_P_S_6,,,,,,,,,,,,,,,,,
14_P_S_7,alkane,,P,S,7,,,,6.17E+06,1,16920,,14_P_S_7,,,,,,,,,,,,,,,,,
14_P_S_8,alkane,,P,S,8,,,,1.30E+06,1,18200,,14_P_S_8,,,,,,,,,,,,,,,,,
14_S_P_5,alkane,,S,P,5,,,,1.37E+07,1.54,32720,,14_S_P_5,,,,,,,,,,,,,,,,,
14_S_P_6,alkane,,S,P,6,,,,1.09E+07,1.29,20980,,14_S_P_6,,,,,,,,,,,,,,,,,
14_S_P_7,alkane,,S,P,7,,,,8.98E+04,1.62,19680,,14_S_P_7,,,,,,,,,,,,,,,,,
14_S_P_8,alkane,,S,P,8,,,,6.48E+05,0.94,20250,,14_S_P_8,,,,,,,,,,,,,,,,,
14_S_S_5,alkane,,S,S,5,,,,4.29E+08,0.9,29510,,14_S_S_5,,,,,,,,,,,,,,,,,
14_S_S_6,alkane,,S,S,6,,,,4.14E+10,0.1,18660,,14_S_S_6,,,,,,,,,,,,,,,,,
14_S_S_7,alkane,,S,S,7,,,,1.37E+10,0.12,20430,,14_S_S_7,,,,,,,,,,,,,,,,,
14_S_S_8,alkane,,S,S,8,,,,1.30E+06,1,18200,,14_S_S_8,,,,,,,,,,,,,,,,,
,,,,,,,,,,,,,,,,,,,,,,,,,,,,,,
125,ohpoohdecom,9,COOH_site,radical_site,pos,,,,,,,,,,,,,,,,,,,,,,,,,
17_beta_P_S,,,P,S,beta,,,,5.63E+09,0.97,15000,,17_beta_P_S,,,,,,,,,,,,,,,,,
17_beta_S_P,,,S,P,beta,,,,2.38E+11,0.51,15150,,17_beta_S_P,,,,,,,,,,,,,,,,,
17_beta_S_S,,,S,S,beta,,,,1.72E+09,1.07,13940,,17_beta_S_S,,,,,,,,,,,,,,,,,
17_delta_P_P,,,P,P,delta,,,,1.45E+14,-0.08,25900,,17_delta_P_P,,,,,,,,,,,,,,,,,
17_delta_P_S,,,P,S,delta,,,,1.39E+14,0,28100,,17_delta_P_S,,,,,,,,,,,,,,,,,
17_delta_S_S,,,S,S,delta,,,,1.39E+14,0,29612,,17_delta_S_S,,,,,,,,,,,,,,,,,
17_delta_S_P,,,S,P,delta,,,,1.39E+14,0,28140,,17_delta_S_P,,,,,,,,,,,,,,,,,
17_gamma_P_S,,,P,S,gamma,,,,3.08E+13,0,27360,,17_gamma_P_S,,,,,,,,,,,,,,,,,
17_gamma_S_P,,,S,P,gamma,,,,1.39E+13,0.08,24510,,17_gamma_S_P,,,,,,,,,,,,,,,,,
17_gamma_S_S,,,S,S,gamma,,,,1.58E+14,-0.28,25410,,17_gamma_S_S,,,,,,,,,,,,,,,,,
,,,,,,,,,,,,,,,,,,,,,,,,,,,,,,
126,ohpoohtoEther,12,C-OOH,radical,ring,,,,,,,,,,,,,,,,,,,,,,,,,
16_P_S_3_S,,,P,S,3,,,,5.94E+10,0.48,12100,,16_P_S_3_S,,,,,,,,,,,,,,,,,
16_P_S_4_S,,,P,S,4,,,,1.21E+12,0,17800,,16_P_S_4_S,,,,,,,,,,,,,,,,,
16_P_S_5_S,,,P,S,5,,,,2.77E+10,0,10500,,16_P_S_5_S,,,,,,,,,,,,,,,,,
16_P_S_6_S,,,P,S,6,,,,8.52E+09,-0.09,10400,,16_P_S_6_S,,,,,,,,,,,,,,,,,
16_S_P_3_S,,,S,P,3,,,,1.78E+10,0.68,10700,,16_S_P_3_S,,,,,,,,,,,,,,,,,
16_S_P_4_S,,,S,P,4,,,,1.20E+12,0.01,18300,,16_S_P_4_S,,,,,,,,,,,,,,,,,
16_S_P_5_S,,,S,P,5,,,,2.39E+10,0.03,13200,,16_S_P_5_S,,,,,,,,,,,,,,,,,
16_S_P_6_S,,,S,P,6,,,,1.83E+10,-0.14,15200,,16_S_P_6_S,,,,,,,,,,,,,,,,,
16_S_S_3_S,,,S,S,3,,,,2.81E+12,0.01,11900,,16_S_S_3_S,,,,,,,,,,,,,,,,,
16_S_S_4_S,,,S,S,4,,,,6.05E+08,0.78,15300,,16_S_S_4_S,,,,,,,,,,,,,,,,,
16_S_S_5_S,,,S,S,5,,,,5.81E+10,-0.02,10300,,16_S_S_5_S,,,,,,,,,,,,,,,,,
16_S_S_6_S,,,S,S,6,,,,2.28E+09,0,12200,,16_S_S_6_S,,,,,,,,,,,,,,,,,
16_P_P_4_S,,,P,P,5,,,,6.99E+11,0,20150,,16_P_P_4_S,,,,,,,,,,,,,,,,,
16_P_P_5_S,,,P,P,6,,,,3.23E+10,0.009,12872,,16_P_P_5_S,,,,,,,,,,,,,,,,,
16_P_P_6_S,,,P,P,7,,,,1.51E+09,0.16,12100,,16_P_P_6_S,,,,,,,,,,,,,,,,,
,,,,,,,,,,,,,,,,,,,,,,,,,,,,,,
13,oleqooh_decom,9,COOH_site,radical_site,pos,,,,,,,,,,,,,,,,,,,,,,,,,
13_beta_PS,,,P,S,beta,,,,7.69E+11,0,13300,,Villano,,,,,,,,,,,,,,,,,
13_beta_SP,,,S,P,beta,,,,5.92E+11,0,13300,,Villano,,,,,,,,,,,,,,,,,
13_beta_SS,,,S,S,beta,,,,8.47E+11,0,11200,,Villano,,,,,,,,,,,,,,,,,
13_gamma,,,P,S,gamma,,,,7.40E+14,-0.32,25000,,RR 13_gamma,,,,,,,,,,,,,,,,,
13_gamma,,,S,P,gamma,,,,7.40E+14,-0.32,25000,,RR 13_gamma,,,,,,,,,,,,,,,,,
13_gamma,,,S,S,gamma,,,,7.40E+14,-0.32,25000,,RR 13_gamma,,,,,,,,,,,,,,,,,
13_delta,,,P,S,delta,,,,2.14E+15,-0.34,28000,,RR 13_delta,,,,,,,,,,,,,,,,,
13_delta,,,S,P,delta,,,,2.14E+15,-0.34,28000,,RR 13_delta,,,,,,,,,,,,,,,,,
13_delta,,,S,S,delta,,,,2.14E+15,-0.34,28000,,RR 13_delta,,,,,,,,,,,,,,,,,
,,,,,,,,,,,,,,,,,,,,,,,,,,,,,,
10,KHP_decomposition,,C—OOH type,C=O type,,,,,,,,,,,,,,,,,,,,,,,,,,
10_P_beta,10_P_beta,,P,beta,,,,,1.12E+16,-0.04,42110,,10_P_beta,,,,,,,,,,,,,,,,,
10_P_gamma,10_P_gamma,,P,gamma,,,,,6.98E+16,-0.24,42980,,10_P_gamma,,,,,,,,,,,,,,,,,
10_P_other,10_P_other,,P,other,,,,,6.91E+15,0.1,42720,,10_P_other,,,,,,,,,,,,,,,,,
10_S_beta,10_S_beta,,S,beta,,,,,4.20E+16,-0.2,41850,,10_S_beta,,,,,,,,,,,,,,,,,
10_S_gamma,10_S_gamma,,S,gamma,,,,,1.32E+16,-0.11,42270,,10_S_gamma,,,,,,,,,,,,,,,,,
10_S_other,10_S_other,,S,other,,,,,1.57E+16,-0.09,43120,,10_S_other,,,,,,,,,,,,,,,,,
,,,,,,,,,,,,,,,,,,,,,,,,,,,,,,
16,olepoohtoEther,12,C-OOH,radical,ring,,,,,,,,,,,,,,,,,,,,,,,,,
16_P_S_3_S,,,P,S,3,,,,5.94E+10,0.48,12100,,16_P_S_3_S,,,,,,,,,,,,,,,,,
16_P_S_4_S,,,P,S,4,,,,1.21E+12,0,17800,,16_P_S_4_S,,,,,,,,,,,,,,,,,
16_P_S_5_S,,,P,S,5,,,,2.77E+10,0,10500,,16_P_S_5_S,,,,,,,,,,,,,,,,,
16_P_S_6_S,,,P,S,6,,,,8.52E+09,-0.09,10400,,16_P_S_6_S,,,,,,,,,,,,,,,,,
16_S_P_3_S,,,S,P,3,,,,1.78E+10,0.68,10700,,16_S_P_3_S,,,,,,,,,,,,,,,,,
16_S_P_4_S,,,S,P,4,,,,1.20E+12,0.01,18300,,16_S_P_4_S,,,,,,,,,,,,,,,,,
16_S_P_5_S,,,S,P,5,,,,2.39E+10,0.03,13200,,16_S_P_5_S,,,,,,,,,,,,,,,,,
16_S_P_6_S,,,S,P,6,,,,1.83E+10,-0.14,15200,,16_S_P_6_S,,,,,,,,,,,,,,,,,
16_S_S_3_S,,,S,S,3,,,,2.81E+12,0.01,11900,,16_S_S_3_S,,,,,,,,,,,,,,,,,
16_S_S_4_S,,,S,S,4,,,,6.05E+08,0.78,15300,,16_S_S_4_S,,,,,,,,,,,,,,,,,
16_S_S_5_S,,,S,S,5,,,,5.81E+10,-0.02,10300,,16_S_S_5_S,,,,,,,,,,,,,,,,,
16_S_S_6_S,,,S,S,6,,,,2.28E+09,0,12200,,16_S_S_6_S,,,,,,,,,,,,,,,,,
,,,,,,,,,,,,,,,,,,,,,,,,,,,,,,
17,olePOOH2Dec,,COOH_site,radical_site,pos,,,,,,,,,,,,,,,,,,,,,,,,,
17_beta_P_S_rev,,,P,S,beta,,,,5.63E+09,0.97,15000,,17_beta_P_S,,,,,,,,,,,,,,,,,
17_beta_S_P_rev,,,S,P,beta,,,,2.38E+11,0.51,15150,,17_beta_S_P,,,,,,,,,,,,,,,,,
17_beta_S_S_rev,,,S,S,beta,,,,1.72E+09,1.07,13940,,17_beta_S_S,,,,,,,,,,,,,,,,,
17_delta_P_P,,,P,P,delta,,,,1.45E+14,-0.08,25900,,17_delta_P_P,,,,,,,,,,,,,,,,,
17_delta_P_S,,,P,S,delta,,,,1.39E+14,0,28100,,17_delta_P_S,,,,,,,,,,,,,,,,,
17_delta_S_S,,,S,S,delta,,,,1.39E+14,0,29612,,17_delta_S_S,,,,,,,,,,,,,,,,,
17_delta_S_P,,,S,P,delta,,,,1.39E+14,0,28140,,17_delta_S_P,,,,,,,,,,,,,,,,,
17_gamma_P_S,,,P,S,gamma,,,,3.08E+13,0,27360,,17_gamma_P_S,,,,,,,,,,,,,,,,,
17_gamma_S_P,,,S,P,gamma,,,,1.39E+13,0.08,24510,,17_gamma_S_P,,,,,,,,,,,,,,,,,
17_gamma_S_S,,,S,S,gamma,,,,1.58E+14,-0.28,25410,,17_gamma_S_S,,,,,,,,,,,,,,,,,
,,,,,,,,,,,,,,,,,,,,,,,,,,,,,,
18,dieneOOH/Ole-OHOOH consumption,,COOH,,,,,,,,,,,,,,,,,,,,,,,,,,,
18_P,,,P,,,,,,1.86E+16,0.05,40700,,18_P,,,,,,,,,,,,,,,,,
18_S,,,S,,,,,,1.05E+16,0,41800,,18_S,,,,,,,,,,,,,,,,,
,,,,,,,,,,,,,,,,,,,,,,,,,,,,,,
19,olecEthOOHs/OHcEthOOH consumption,,COOH,,,,,,,,,,,,,,,,,,,,,,,,,,,
19_P,,,P,,,,,,1.50E+16,0,40800,,19_P,,,,,,,,,,,,,,,,,
19_S,,,S,,,,,,2.23E+16,-0.02,41800,,19_S,,,,,,,,,,,,,,,,,
,,,,,,,,,,,,,,,,,,,,,,,,,,,,,,
20,olecEths/OHcEthDec consumption,,cond,,,,,,,,,,,,,,,,,,,,,,,,,,,
20,,,unity,,,,,,4.34E+12,-0.05,80.1,,RR 20,,,,,,,,,,,,,,,,,
,,,,,,,,,,,,,,,,,,,,,,,,,,,,,,
127,OleOHs consumption,,cond,,,,,,,,,,,,,,,,,,,,,,,,,,,
127,,,unity,,,,,,1.01E+06,2.2,-437,,"Vasu, et al., The Journal of Physical Chemistry A, 2011, 115(12): 2549-2556.",,,,,,,,,,,,,,,,,
,,,,,,,,,,,,,,,,,,,,,,,,,,,,,,
128,alpha-QOHOOH,,radical type,,,,,,,,,,,,,,,,,,,,,,,,,,,
50_P,,,P,,,,,,1.68E+10,0.761,-1635.86,,"Zador J, et al., Proceedings of the Combustion Institute, 2009, 32(1): 271-277.",,,,,,,,,,,,,,,,,
50_S,,,S,,,,,,3.37E+10,0.761,-1635.86,,"Zador J, et al., Proceedings of the Combustion Institute, 2009, 32(1): 271-277.",,,,,,,,,,,,,,,,,
